Name,SMARTS,Endpoint,Study,PubMed ID
DDT (dichlorodiphenyltrichloroethane) and analogues,c1cc(ccc1[CH1](C(Cl)(Cl)Cl)c1ccc(cc1)Cl)Cl,Acute Aquatic Toxicity,"Verhaar,H.J.M.",10.1016/0045-6535(92)90280-5
(Dithio) carbamates,"[OX2,SX2][CX3](=[OX1,SX1])[NX3]",Acute Aquatic Toxicity,"Verhaar,H.J.M.",10.1016/0045-6535(92)90280-5
Organotin compounds,[Sn][#6],Acute Aquatic Toxicity,"Verhaar,H.J.M.",10.1016/0045-6535(92)90280-5
Pyrethroids,"[$(CC(=C[CH]1C([CH]1C(=O)OC1C(=C(C(=O)C1)CC=CC=C)C)(C)C)C),$(C(=C[CH]1C([CH]1C(=O)O[CH]1C(=C(C(=O)C1)CC=CC=C)C)(C)C)(C)C(=O)OC)]",Acute Aquatic Toxicity,"Verhaar,H.J.M.",10.1016/0045-6535(92)90280-5
Organophosphorothionate esters,"[Pv5X4](=[SX1])([OX2][#6])([OX2,SX2][#6])([OX2,SX2][#6])",Acute Aquatic Toxicity,"Verhaar,H.J.M.",10.1016/0045-6535(92)90280-5
4-chlorobenzene,Clc1ccc([*:1])cc1,Acute Aquatic Toxicity,"Tinkov, O.",10.1002/minf.202000209
4-nitrobenzene,[O-][N+](=O)c1cc([*:1])c([*:1])cc1,Acute Aquatic Toxicity,"Tinkov, O.",10.1002/minf.202000209
Isocyanate,[NX2]=[CX2]=[OX1],Acute Aquatic Toxicity,"Hermens, JL",2269228
Isothiocyanate,[NX2]=[CX2]=[SX1],Acute Aquatic Toxicity,"Hermens, JL",2269228
Aldehydes,"[#6,#1][CX3]([H])=[OX1]",Acute Aquatic Toxicity,"Hermens, JL",2269228
Lactones,"[$([#6&!$(C=[O,N,S])]1[OX2][CX3](=[OX1])[#6]1),$([#6&!$(C=[O,N,S])]1[OX2][CX3](=[OX1])[#6][#6]1)]",Acute Aquatic Toxicity,"Hermens, JL",2269228
Diazo compounds,"[$([#6]=[NX2+]=N),$([#6]=[NX2]=[NX1]),$([#6]=[NX2+]=[NX1-]),$([#6]-[NX2+]#[NX1]),$([#6-]-[NX2+]#[NX1])]",Acute Aquatic Toxicity,"Hermens, JL",2269228
Organo metallic compounds,"[$([Cu][#6]),$([Ag][#6]),$([Au][#6]),$([Zn][#6]),$([Cd][#6]),$([Hg][#6]),$([Sn][#6]),$([Pb][#6]),$([As][#6]),$([Sb][#6])]",Acute Aquatic Toxicity,"Hermens, JL",2269228
Ammonium compounds,[NX4+]([CX4])([CX4])([CX4])([CX4]),Acute Aquatic Toxicity,"Hermens, JL",2269228
Sulfonium compounds,[SX3+]([CX4])([CX4])([CX4]),Acute Aquatic Toxicity,"Hermens, JL",2269228
Iodine,II,Acute Aquatic Toxicity,"Hermens, JL",2269228
Hydrogen peroxide,[#1][OX2][OX2][#1],Acute Aquatic Toxicity,"Hermens, JL",2269228
Sulfoxides,[Sv4X3](=[OX1]),Acute Aquatic Toxicity,"Hermens, JL",2269228
Sulfenyl iodides,[SX2][IX1],Acute Aquatic Toxicity,"Hermens, JL",2269228
Disulfides,[SX2][SX2],Acute Aquatic Toxicity,"Hermens, JL",2269228
Sulfoxides of aliphatic disulfides,[SX2][Sv4X3](=[OX1]),Acute Aquatic Toxicity,"Hermens, JL",2269228
Thiosulfonates,[SX2][Sv6X4](=[OX1])(=[OX1]),Acute Aquatic Toxicity,"Hermens, JL",2269228
Carboxy disulfides,[SX2][SX2][CX3](=[OX1])[OX2],Acute Aquatic Toxicity,"Hermens, JL",2269228
Arsenic (III) compounds,[OX1]=[AsX2],Acute Aquatic Toxicity,"Hermens, JL",2269228
Thiocyanates,[SX2][CX2]#[NX1],Acute Aquatic Toxicity,"Hermens, JL",2269228
Sulfenyl halides,"[F,Cl,Br,I][SX2]",Acute Aquatic Toxicity,"Hermens, JL",2269228
Aliphatic halide,"NOT [!#6!#1!F!Cl!Br] AND [F,Cl,Br][C!R][C&!$(C(=,#C)[C!R][F,Cl,Br])]",Acute Aquatic Toxicity,"Verhaar,H.J.M.",10.1016/0045-6535(92)90280-5
Hydrocarbons,NOT [!#1!#6],Acute Aquatic Toxicity,"Verhaar,H.J.M.",10.1016/0045-6535(92)90280-5
Halogen substituted mono- and polycyclic hydrocarbons,"NOT [!#6!#1!F!Cl!Br] AND [CX4!R0][F,Cl,Br] AND NOT [CX4!R0]([F,Cl,Br])[C!R0]=,#[C!R0] AND NOT [CX4]([F,Cl,Br])a",Acute Aquatic Toxicity,"Verhaar,H.J.M.",10.1016/0045-6535(92)90280-5
Aliphatic alcohols,"NOT [!#6!#1!#8] AND [OX2H1][CX4][C!$(C(=,#C)[CX4][OX2H1])]",Acute Aquatic Toxicity,"Verhaar,H.J.M.",10.1016/0045-6535(92)90280-5
Ketones,NOT [!#6!#1!#8] AND [CX4][CX3](=[OX1])[CX4],Acute Aquatic Toxicity,"Verhaar,H.J.M.",10.1016/0045-6535(92)90280-5
Aliphatic secondary and tertiary amines,"NOT [!#6!#1!#7] AND [$([NX3H1](C)C),$([NX3](C)(C)C)]",Acute Aquatic Toxicity,"Verhaar,H.J.M.",10.1016/0045-6535(92)90280-5
Primary alkylamines,NOT [!#6!#1!#7] AND [NX3H2][CX4],Acute Aquatic Toxicity,"Verhaar,H.J.M.",10.1016/0045-6535(92)90280-5
Epoxide or azaridine,"NOT [!#1!#6!#7!#8!#16!F!Cl!Br] AND [CX4]1[OX2,NX3][CX4]1",Acute Aquatic Toxicity,"Verhaar,H.J.M.",10.1016/0045-6535(92)90280-5
Hydrazines,NOT [!#1!#6!#7!#8!#16!F!Cl!Br] AND [NX3H1][NX3H1],Acute Aquatic Toxicity,"Verhaar,H.J.M.",10.1016/0045-6535(92)90280-5
Azo compounds,NOT [!#1!#6!#7!#8!#16!F!Cl!Br] AND [#6][NX2]=[NX2][#6],Acute Aquatic Toxicity,"Verhaar,H.J.M.",10.1016/0045-6535(92)90280-5
Activated and allylic/ propargylic nitriles,"NOT [!#1!#6!#7!#8!#16!F!Cl!Br] AND [$([NX1]#[CX2][CX4][OH1]),$([NX1]#[CX2][CX2]#[CX2])]",Acute Aquatic Toxicity,"Verhaar,H.J.M.",10.1016/0045-6535(92)90280-5
Acid anhydrides,NOT [!#1!#6!#7!#8!#16!F!Cl!Br] AND [CX3](=[OX1])[OX2][CX3](=[OX1]),Acute Aquatic Toxicity,"Verhaar,H.J.M.",10.1016/0045-6535(92)90280-5
Lactones,NOT [!#1!#6!#7!#8!#16!F!Cl!Br] AND [CX4R][CX3R](=[OX1])[OX2R][CX4R],Acute Aquatic Toxicity,"Verhaar,H.J.M.",10.1016/0045-6535(92)90280-5
Acid halides,"NOT [!#1!#6!#7!#8!#16!F!Cl!Br] AND [Br,Cl,F,I][CX3](=[OX1])[#1,*&!$([OH1])&!$([SH1])]",Acute Aquatic Toxicity,"Verhaar,H.J.M.",10.1016/0045-6535(92)90280-5
Carbamoylhalides,NOT [!#1!#6!#7!#8!#16!F!Cl!Br] AND Cl[CX3](=[OX1])[NX3],Acute Aquatic Toxicity,"Verhaar,H.J.M.",10.1016/0045-6535(92)90280-5
Ketenes,NOT [!#1!#6!#7!#8!#16!F!Cl!Br] AND [OX1]=[CX2]=C,Acute Aquatic Toxicity,"Verhaar,H.J.M.",10.1016/0045-6535(92)90280-5
Aldehydes,"NOT [!#1!#6!#7!#8!#16!F!Cl!Br] AND [#1,#6][CX3]([H])(=[OX1])",Acute Aquatic Toxicity,"Verhaar,H.J.M.",10.1016/0045-6535(92)90280-5
Isocyanates,NOT [!#1!#6!#7!#8!#16!F!Cl!Br] AND [NX2]=[CX2]=[OX1],Acute Aquatic Toxicity,"Verhaar,H.J.M.",10.1016/0045-6535(92)90280-5
Thiocyanates,NOT [!#1!#6!#7!#8!#16!F!Cl!Br] AND [SX2][CX2]#[NX1],Acute Aquatic Toxicity,"Verhaar,H.J.M.",10.1016/0045-6535(92)90280-5
Isothiocyanates,NOT [!#1!#6!#7!#8!#16!F!Cl!Br] AND [NX2]=[CX2]=[SX1],Acute Aquatic Toxicity,"Verhaar,H.J.M.",10.1016/0045-6535(92)90280-5
Disulphides,NOT [!#1!#6!#7!#8!#16!F!Cl!Br] AND [#6][SX2][SX2][#6],Acute Aquatic Toxicity,"Verhaar,H.J.M.",10.1016/0045-6535(92)90280-5
Sulphonic esters,NOT [!#1!#6!#7!#8!#16!F!Cl!Br] AND [#6][Sv6X4](=[OX1])(=[OX1])[OX2][#6],Acute Aquatic Toxicity,"Verhaar,H.J.M.",10.1016/0045-6535(92)90280-5
Sulphuric esters,NOT [!#1!#6!#7!#8!#16!F!Cl!Br] AND [OH1][Sv6X4](=[OX1])(=[OX1])[OX2][#6],Acute Aquatic Toxicity,"Verhaar,H.J.M.",10.1016/0045-6535(92)90280-5
Cyclic sulphonic/ sulphuric esters,"NOT [!#1!#6!#7!#8!#16!F!Cl!Br] AND [$([CR][SX4R](=[OX1])(=[OX1])[OX2R]),$([OX2R][SX4R](=[OX1])(=[OX1])[OX2R])]",Acute Aquatic Toxicity,"Verhaar,H.J.M.",10.1016/0045-6535(92)90280-5
α-Haloethers,"NOT [!#1!#6!#7!#8!#16!F!Cl!Br] AND [#6;!$(C(=O)[OX2])][OX2][CX4][F,Cl,Br]",Acute Aquatic Toxicity,"Verhaar,H.J.M.",10.1016/0045-6535(92)90280-5
β-Haloethers,"NOT [!#1!#6!#7!#8!#16!F!Cl!Br] AND [#6;!$(C(=O)[OX2])][OX2][CX4][CX4][F,Cl,Br]",Acute Aquatic Toxicity,"Verhaar,H.J.M.",10.1016/0045-6535(92)90280-5
Nitrogen mustards,"NOT [!#1!#6!#7!#8!#16!F!Cl!Br] AND [#7X3;0][CH2][CH2][F,Cl,Br]",Acute Aquatic Toxicity,"Verhaar,H.J.M.",10.1016/0045-6535(92)90280-5
Sulphur mustards,"NOT [!#1!#6!#7!#8!#16!F!Cl!Br] AND [#16X2;0][CH2][CH2][F,Cl,Br]",Acute Aquatic Toxicity,"Verhaar,H.J.M.",10.1016/0045-6535(92)90280-5
Ketenes,[CX3]=[CX2]=[OX1],Acute Aquatic Toxicity,"Hermens, JL",2269228
Acid halides,"[Br,Cl,F,I][CX3](=[OX1])[#1,*&!$([OH1])&!$([SH1])]",Acute Aquatic Toxicity,"Hermens, JL",2269228
Carboxylic acid anhydrides,"[$([#6]1[CX3](=[OX1])[OX2][CX3](=[OX1])[#6]1),$([#6]1[CX3](=[OX1])[OX2][CX3](=[OX1])[#6][#6]1)]",Acute Aquatic Toxicity,"Hermens, JL",2269228
Dialkyl carbamoylchloride,[NX3]([CX4])([CX4])[CX3](=[OX1])Cl,Acute Aquatic Toxicity,"Hermens, JL",2269228
Epoxides,[CX4]1[OX2][CX4]1,Acute Aquatic Toxicity,"Hermens, JL",2269228
Aziridines,[CX4]1[NX3][CX4]1,Acute Aquatic Toxicity,"Hermens, JL",2269228
Sulfonic acid esters,[#6][Sv6X4!R](=[OX1])(=[OX1])[OX2!R][#6],Acute Aquatic Toxicity,"Hermens, JL",2269228
Sulfuric acid esters,[#6][OX2!R][Sv6X4!R](=[OX1])(=[OX1])[OX2!R][#6],Acute Aquatic Toxicity,"Hermens, JL",2269228
Phosphoric acid ester,[Pv5X4]([OX2][#6])([OX2][#6])([OX2][#6])(=[OX1]),Acute Aquatic Toxicity,"Hermens, JL",2269228
Cyclic sulfonic acid esters,"[$([#6]1[Sv6X4](=[OX1])(=[OX1])[OX2][#6]1),$([#6]1[Sv6X4](=[OX1])(=[OX1])[OX2][#6][#6]1),$([#6]1[Sv6X4](=[OX1])(=[OX1])[OX2][#6][#6][#6]1)]",Acute Aquatic Toxicity,"Hermens, JL",2269228
Cyclic sulfuric acid esters,"[$([#6]1[OX2][Sv6X4](=[OX1])(=[OX1])[OX2][#6][#6]1),$([#6]1[OX2][Sv6X4](=[OX1])(=[OX1])[OX2][#6][#6][#6]1)]",Acute Aquatic Toxicity,"Hermens, JL",2269228
Halo acetates,"[F,Cl,Br,I][#6][CX3](=[OX1])[OX2H1]",Acute Aquatic Toxicity,"Hermens, JL",2269228
Halo acetamides,"[F,Cl,Br,I][#6][CX3](=[OX1])[NX3]",Acute Aquatic Toxicity,"Hermens, JL",2269228
Halo ethers,"[$([F,Cl,Br,I]C[OX2]C),$([F,Cl,Br,I]CC[OX2]C)]",Acute Aquatic Toxicity,"Hermens, JL",2269228
Haloethyl sulfides (S-mustard),"[F,Cl,Br,I][CX4][CX4][SX2]",Acute Aquatic Toxicity,"Hermens, JL",2269228
Haloethyl amines (N-mustard),"[F,Cl,Br,I][CH2][CH2][NX3]",Acute Aquatic Toxicity,"Hermens, JL",2269228
"α, β-Unsaturated amides",[#6]=[#6][CX3](=[OX1])[NX3],Acute Aquatic Toxicity,"Hermens, JL",2269228
"α, β-Unsaturated nitriles",C=CC#[NX1],Acute Aquatic Toxicity,"Hermens, JL",2269228
"α, β-Unsaturated aldehydes",C=C[CX3]([H])=[OX1],Acute Aquatic Toxicity,"Hermens, JL",2269228
"α, β-Unsaturated nitro compounds","[#6]=[#6][$([NX3](=[OX1])=[OX1]),$([NX3+](=[OX1])[O-])]",Acute Aquatic Toxicity,"Hermens, JL",2269228
"α, β-Unsaturated sulfones",[#6]=[#6][Sv6X4](=[OX1])(=[OX1]),Acute Aquatic Toxicity,"Hermens, JL",2269228
"α, β-Unsaturated carboxylic acid ester (acrylates)",[#6]=[#6][CX3](=[OX1])[OX2][#6],Acute Aquatic Toxicity,"Hermens, JL",2269228
"α, β-Unsaturated carboxylic acid",[CX3]=[CX3][CX3](=[OX1])[OX2H1],Acute Aquatic Toxicity,"Hermens, JL",2269228
"α, β-Unsaturated carbonyl compounds",[#6]=[#6][CX3](=[OX1])([!#1!$([OH1])]),Acute Aquatic Toxicity,"Hermens, JL",2269228
Quinones,"[#6X3]1=,:[#6X3]-,:[#6X3](=[OX1])-,:[#6X3]=,:[#6X3]-,:[#6X3]1(=[OX1])",Acute Aquatic Toxicity,"Hermens, JL",2269228
Alkyl halide,"[*!$([a])&!$(C=C)&!$(C#C)][CX4][F,Cl,Br,I]",Acute Aquatic Toxicity,"Hermens, JL",2269228
"Alkyl halides with only C, H and halogen atom","NOT [!#6!#1!F!Cl!Br!I] AND [F,Cl,Br,I][CX4][*&!$(C=C)&!$(C#C)&!$([a])]",Acute Aquatic Toxicity,"Hermens, JL",2269228
Aryl halide,"[a!r0][F,Cl,Br,I]",Acute Aquatic Toxicity,"Hermens, JL",2269228
Halogenated allylic group,"[F,Cl,Br,I][CX4][CX3]=[CX3]",Acute Aquatic Toxicity,"Hermens, JL",2269228
Halogenated benzylic group,"c[CX4][F,Cl,Br,I]",Acute Aquatic Toxicity,"Hermens, JL",2269228
Valproic acid derivatives,[OH1][CX3](=[OX1])[CX4H1]([CX4H2]-C~[#6])([CX4H2]-C~[#6]),Developmental and mitochondrial toxicity,"Mukesh, P.",
Retinoic acid derivatives_1,"[$([OH1][CX3](=[OX1])c1[cH][cH]c(-c2c[cH]c3[cH]c([H,CX4])c([H,CX4])[cH]c3[cH]2)[cH][cH]1),$([OH1][CX3](=[OX1])c1[cH]c2[cH]cc(-c3[cH]c([H,CX4])c([H,CX4])[cH][cH]3)[cH]c2[cH][cH]1)]",Developmental and mitochondrial toxicity,"Mukesh, P.",
SA01,[#6]-1-[#6]-[#6]-[#6]-4-[#6](-[#6]-1)-[#6]-2-[#6](-[#6]-3-[#6](-[#6]-[#6]-2)-[#6]-[#6]-[#6]-3)-[#6]-[#6]-4,Endocrine disruption,"Nendza, M",10.1186/s12302-016-0094-5
SA03,c1cc-2c(cc1)-[#6]-[#6]-[#6](-[#6]-2-[#6])-[#6],Endocrine disruption,"Nendza, M",10.1186/s12302-016-0094-5
SA04,c1cc(ccc1)-[#6]=[#6]-c2ccc(cc2)-[#8]-[#1],Endocrine disruption,"Nendza, M",10.1186/s12302-016-0094-5
SA05,c1cc(ccc1)-[#6]-[#6]-c2ccc(cc2)-[#8]-[#1],Endocrine disruption,"Nendza, M",10.1186/s12302-016-0094-5
SA07,c1cc(ccc1)-[#6](=[#6]-c2ccccc2)-c3ccccc3,Endocrine disruption,"Nendza, M",10.1186/s12302-016-0094-5
SA11,[#6]-2(=[#6]-c1ccccc1-[#8]-[#6]-2=[#8])-c3ccccc3,Endocrine disruption,"Nendza, M",10.1186/s12302-016-0094-5
SA12b,[#8]=[#6](-c1ccccc1)-[#6]=[#6]-c2ccccc2,Endocrine disruption,"Nendza, M",10.1186/s12302-016-0094-5
SA15c,c1cc(ccc1-[#8]-[#1])-[#6](-c2ccccc2)=[#8],Endocrine disruption,"Nendza, M",10.1186/s12302-016-0094-5
SA16,c1cc(ccc1)-[#6](-c2ccccc2)=[#6](-[Cl])-[Cl],Endocrine disruption,"Nendza, M",10.1186/s12302-016-0094-5
SA17,c1cc(ccc1)-[#6](-c2ccccc2)-[#6],Endocrine disruption,"Nendza, M",10.1186/s12302-016-0094-5
SA18,c1c(cccc1)-c2ccccc2,Endocrine disruption,"Nendza, M",10.1186/s12302-016-0094-5
SA19,c1c(cccc1)-c2ccccc2-[Cl],Endocrine disruption,"Nendza, M",10.1186/s12302-016-0094-5
SA20c,c1c(cccc1)-c2ccc(cc2)-[#8]-[#1],Endocrine disruption,"Nendza, M",10.1186/s12302-016-0094-5
SA21,c1cc-3c(cc1)-[#8]-c2ccccc2-[#8]-3,Endocrine disruption,"Nendza, M",10.1186/s12302-016-0094-5
SA23,c1cc(c(cc1)-[#6](=[#8])-[#8]-[#6])-[#6](-[#8]-[#6])=[#8],Endocrine disruption,"Nendza, M",10.1186/s12302-016-0094-5
SA24,c1c(ccc(c1)-[#8]-[#1])-[#6](-[#8]-[#6])=[#8],Endocrine disruption,"Nendza, M",10.1186/s12302-016-0094-5
SA25c,[#8](-[#6])-c1ccc(cc1)-[#8]-[#1],Endocrine disruption,"Nendza, M",10.1186/s12302-016-0094-5
SA30a,c1cc(ccc1-[Cl])-[#8]-c2ccc(cc2-[Cl])-[Cl],Endocrine disruption,"Nendza, M",10.1186/s12302-016-0094-5
SA30b,c1cc(ccc1-[#7](=[#8])=[#8])-[#8]-c2ccc(cc2-[Cl])-[Cl],Endocrine disruption,"Nendza, M",10.1186/s12302-016-0094-5
SA31c,c1cc(ccc1-[#8]-[#1])-[#6]-[#7]-3-[#6](-c2ccccc2-[#6]-3=[#8])=[#8],Endocrine disruption,"Nendza, M",10.1186/s12302-016-0094-5
SA32a,c1cc(ccc1)-[#8]-[P](=[#8])(-[#8]-[#6])-[#8]-[#6],Endocrine disruption,"Nendza, M",10.1186/s12302-016-0094-5
SA32b,c1cc(ccc1)-[#8]-[P](=[#16])(-[#8]-[#6])-[#8]-[#6],Endocrine disruption,"Nendza, M",10.1186/s12302-016-0094-5
SA34a,[#8](-[#1])-c1ccc(cc1)-[#6]-[#6],Endocrine disruption,"Nendza, M",10.1186/s12302-016-0094-5
SA34d,[#8](-[#1])-c1ccc(cc1)-[#6](-[#6])(-[#6])-[#6],Endocrine disruption,"Nendza, M",10.1186/s12302-016-0094-5
SA35,c12ccc3c(c1cccc2)cccc3,Endocrine disruption,"Nendza, M",10.1186/s12302-016-0094-5
SA37,c1c(cccc1)-[#7]-2-[#6](=[#8])-[#6]-[#6]-[#6]-2=[#8],Endocrine disruption,"Nendza, M",10.1186/s12302-016-0094-5
SA38,[#6]-1-[#6]-[#6]-[#6]-[#6]-[#6]-[#6]-[#6]-[#6]-[#6]-[#6]-[#6]-1,Endocrine disruption,"Nendza, M",10.1186/s12302-016-0094-5
SA39,[#6]-[#6]-[#6]-[#6]-[#6]-c1cccc(c1)-[#8]-[#6],Endocrine disruption,"Nendza, M",10.1186/s12302-016-0094-5
SA40,[#6]-[#6]-[#6]-[#6]-[#6]-c1ccc(cc1)-[#8]-[#6],Endocrine disruption,"Nendza, M",10.1186/s12302-016-0094-5
SA41,c1c(cccc1-[#6](-[F])(-[F])-[F])-[#7](-[#6](=[#8])-[#1])-[#1],Endocrine disruption,"Nendza, M",10.1186/s12302-016-0094-5
SA43,c1c(cccc1)-[#6]-[#8]-c2ccccc2,Endocrine disruption,"Nendza, M",10.1186/s12302-016-0094-5
SA46,[#6]-1-2-[#6]=[#6]-[#6](-[#6]-1)-[#6]-[#6]-2,Endocrine disruption,"Nendza, M",10.1186/s12302-016-0094-5
SA47,[#6]-1-2-[#6]-[#6]-[#6](-[#6]-1)-[#6]-[#6]-2,Endocrine disruption,"Nendza, M",10.1186/s12302-016-0094-5
SA48,c1(c(cccc1)-[#8]-c2ccccc2)-[Br],Endocrine disruption,"Nendza, M",10.1186/s12302-016-0094-5
SA49,c1-2c(cccc1)-[#6]-[#6]-[#6]-2,Endocrine disruption,"Nendza, M",10.1186/s12302-016-0094-5
Alkyl esters of phosphonic or sulphonic acids,"[$([CX4,a][Sv6X4](=[OX1])(=[OX1])[OX2][CX4]),$([CX4,a][Pv5X4](=[OX1])([OX2][#1,CX4])[OX2][CX4])]","Genotoxic carcinogenicity, mutagenicity","Ashby, J",3277047
Aromatic nitro groups,"[a!r0][$([NX3+](=[OX1])[O-]),$([NX3](=[OX1])=[OX1]);!$([NX3]a(a-[!#1])a-[!#1]);!$([NX3]aa-C(=[OX1])[OH])]","Genotoxic carcinogenicity, mutagenicity","Ashby, J",3277047
Aromatic azo groups,[$([NX2]([a!r0])=[NX2][a!r0]);!$([NX2](aaS(=O)(=O)[OH])=[NX2]aaS(=O)(=O)[OH]);!$([NX2](aaS(=O)(=O)[OH])=[NX2]aaaS(=O)(=O)[OH]);!$([NX2](aaaS(=O)(=O)[OH])=[NX2]aaS(=O)(=O)[OH]);!$([NX2](aaS(=O)(=O)[OH])=[NX2]aaaaS(=O)(=O)[OH])!$([NX2](aaaaS(=O)(=O)[OH])=[NX2]aaS(=O)(=O)[OH]);!$([NX2](aaaS(=O)(=O)[OH])=[NX2]aaaS(=O)(=O)[OH]);!$([NX2](aaaS(=O)(=O)[OH])=[NX2]aaaaS(=O)(=O)[OH]);!$([NX2](aaaaS(=O)(=O)[OH])=[NX2]aaaS(=O)(=O)[OH]);!$([NX2](aaaaS(=O)(=O)[OH])=[NX2]aaaaS(=O)(=O)[OH])],"Genotoxic carcinogenicity, mutagenicity","Ashby, J",3277047
Aromatic rings N-oxides,[O-][N+]1=CC=CC=C1,"Genotoxic carcinogenicity, mutagenicity","Ashby, J",3277047
Aromatic mono- and dialkylamino groups,"[a!r0][$([NX3H1][CH3]),$([NX3H1][CH2][CH3]),$([NX3]([CH3])[CH3]),$([NX3]([CH3])[CH2][CH3]),$([NX3]([CH2][CH3])[CH2][CH3]);!$([NX3]a(a-[!#1])a-[!#1]);!$([NX3]aa-C(=[OX1])[OH])]","Genotoxic carcinogenicity, mutagenicity","Ashby, J",3277047
Alkyl hydrazines,"[NX3]([CX4])([#1,CX4])[NX3]([#1,CX4])[#1,CX4]","Genotoxic carcinogenicity, mutagenicity","Ashby, J",3277047
Alkyl aldehydes,"[$([CX3]([H])(=[OX1])[#1,CX4])&!$([CX3]([H])(=[OX1])[CX3]=[CX3])]","Genotoxic carcinogenicity, mutagenicity","Ashby, J",3277047
N-Methylol derivatives,[OH1][CH2][NX3],"Genotoxic carcinogenicity, mutagenicity","Ashby, J",3277047
Monohaloalkenes,"[CX3]([CX4,#1])(Cl)=[CX3]([!F!Cl!Br!I])[CX4,#1]","Genotoxic carcinogenicity, mutagenicity","Ashby, J",3277047
"β-Haloethyl N, S - mustards","[F,Cl,Br,I][CH2][CH2][NX3,SX2][CH2][CH2][F,Cl,Br,I]","Genotoxic carcinogenicity, mutagenicity","Ashby, J",3277047
N-Chloroamines,[#6][NX3]([#6])Cl,"Genotoxic carcinogenicity, mutagenicity","Ashby, J",3277047
Propiolactones and propiosultones,"[$([OX2]1[CX4][CX4][CX3]1(=[OX1])),$([CX4]1[CX4][CX4][Sv6;X4](=[OX1])(=[OX1])[OX2]1)]","Genotoxic carcinogenicity, mutagenicity","Ashby, J",3277047
Aromatic and aliphatic aziridinyl derivatives,[CX4]1[NX3][CX4]1,"Genotoxic carcinogenicity, mutagenicity","Ashby, J",3277047
Aromatic and aliphatic substituted primary alkyl halides,"[F,Cl,Br,I][CH2][CX4,a]","Genotoxic carcinogenicity, mutagenicity","Ashby, J",3277047
Derivatives of urethane (carbamates),[NX3][CX3](=[OX1])[OX2],"Genotoxic carcinogenicity, mutagenicity","Ashby, J",3277047
Aromatic amines,"[a!r0][$([NH2]),$([NX3H1][#6]),$([NX3]([#6])[#6]),$([NX3]([#6,#1])[OX2H1]),$([NX3]([#6,#1])[OX2][CX3]=[OX1]);!$([NX3]a(a-[!#1])a-[!#1]);!$([NX3]aa-C(=[OX1])[OH])]","Genotoxic carcinogenicity, mutagenicity","Ashby, J",3277047
Aliphatic and aromatic epoxides,"[$([CX4]1[OX2][CX4]1),$([#6]1=[#6][#8]1)]","Genotoxic carcinogenicity, mutagenicity","Ashby, J",3277047
Aromatic amine (general),[a!r0][NX3H2],"Genotoxic carcinogenicity, mutagenicity","Kazius, J",15634026
Three-membered heterocycles (general),"[NX3H1,SX2,OX2]1[CX4][CX4]1","Genotoxic carcinogenicity, mutagenicity","Kazius, J",15634026
Nitroso (general),[NX2]=[OX1],"Genotoxic carcinogenicity, mutagenicity","Kazius, J",15634026
Unsubstituted heteroatom-bonded heteroatom (general),"[$([NX3H2]-[#7]),$([NX3H2]-[#8]),$([OX2H1]-[#7]),$([OX2H1]-[#8])]","Genotoxic carcinogenicity, mutagenicity","Kazius, J",15634026
Azo-type (general),[NX2]=[NX2],"Genotoxic carcinogenicity, mutagenicity","Kazius, J",15634026
Aliphatic halide (general),"[CX4][Cl,Br,I]","Genotoxic carcinogenicity, mutagenicity","Kazius, J",15634026
Polycyclic aromatic system (general),"[$([aR3]),$([$([aR2]([aR])([aR])([aR]))].[$([aR2]([aR])([aR])([aR]))].[$([aR2]([aR])([aR])([aR]))].[$([aR2]([aR])([aR])([aR]))])]","Genotoxic carcinogenicity, mutagenicity","Kazius, J",15634026
Aromatic nitroso (specific),[a!r0][NX2]=[OX1],"Genotoxic carcinogenicity, mutagenicity","Kazius, J",15634026
Alkyl nitrite (specific),[OX1]=[NX2][OX2][CX4],"Genotoxic carcinogenicity, mutagenicity","Kazius, J",15634026
Nitrosamine (specific),"[OX1]=[NX2][NX3]([#6,#1])[#6,#1]","Genotoxic carcinogenicity, mutagenicity","Kazius, J",15634026
Epoxide (specific),[CX4]1[OX2][CX4]1,"Genotoxic carcinogenicity, mutagenicity","Kazius, J",15634026
Aziridine (specific),[CX4]1[NX3H1][CX4]1,"Genotoxic carcinogenicity, mutagenicity","Kazius, J",15634026
Azide (specific),"[$([NX2]=[NX2+]=[NX1-]),$(N=[NX2+]=N),$([NX2-]-[NX2+]#[NX1])]","Genotoxic carcinogenicity, mutagenicity","Kazius, J",15634026
Diazo (specific),"[$([#6]=[NX2+]=N),$([#6]=[NX2]=[NX1]),$([#6]=[NX2+]=[NX1-]),$([#6]-[NX2+]#[NX1]),$([#6-]-[NX2+]#[NX1])]","Genotoxic carcinogenicity, mutagenicity","Kazius, J",15634026
Triazene (specific),[NX3!R][NX2!R]=[NX2!R],"Genotoxic carcinogenicity, mutagenicity","Kazius, J",15634026
Aromatic hydroxylamine (specific),[a!r0][NX3H1][OH1],"Genotoxic carcinogenicity, mutagenicity","Kazius, J",15634026
Aliphatic halide (specific),"[Cl,Br,I][$([CX4]);!$([CX3](=[OX1,SX1,NX2]));!$([CH2][CH2][SX2,NX3])]","Genotoxic carcinogenicity, mutagenicity","Kazius, J",15634026
Carboxylic acid halide (specific),"[Cl,Br,I][CX3](=[OX1])[#1,*&!$([OH1])&!$([SH1])]","Genotoxic carcinogenicity, mutagenicity","Kazius, J",15634026
Nitrogen and sulphur mustard (specific),"[Cl,Br,I][CH2][CH2][SX2,NX3]","Genotoxic carcinogenicity, mutagenicity","Kazius, J",15634026
Bay-region in polycyclic aromatic hydrocarbons (specific),[cR1H1]1[cR1H1][cR1][cR1][cR2]2[cR2]1[cR2]3[cR2]([cR1][cR1]2)[cR1][cR1][cR1H1][cR1H1]3,"Genotoxic carcinogenicity, mutagenicity","Kazius, J",15634026
K-region in polycyclic aromatic hydrocarbons (specific),[cR1]1[cR1][cR1][cR1H1][cR2]2[cR2]1[cR2]3c([cR1H1][cR1H1]2)[cR1H1][cR1][cR1][cR1]3,"Genotoxic carcinogenicity, mutagenicity","Kazius, J",15634026
Sulfonate-bonded carbon atom (additional),[CX4][Sv6X4](=[OX1])(=[OX1])[OX2],"Genotoxic carcinogenicity, mutagenicity","Kazius, J",15634026
"α, β-Unsaturated aldehyde (additional)",[CX3]=[CX3][CX3;H1]=[OX1],"Genotoxic carcinogenicity, mutagenicity","Kazius, J",15634026
Aliphatic N-nitro (additional),"[NX3][$([NX3](=[OX1])=[OX1]),$([NX3+](=[OX1][O-]))]","Genotoxic carcinogenicity, mutagenicity","Kazius, J",15634026
Diazonium (additional),"[$([a!r0][NX2+]#[NX1]),$([a!r0][NX2]#[NX1])]","Genotoxic carcinogenicity, mutagenicity","Kazius, J",15634026
β-Propiolactone (additional),[OX2]1[CX4][CX4][CX3]1(=[OX1]),"Genotoxic carcinogenicity, mutagenicity","Kazius, J",15634026
"α,β-Unsaturated alkoxy (additional)",[CX4][OX2][CX3H1]=[CX3H1],"Genotoxic carcinogenicity, mutagenicity","Kazius, J",15634026
1-Aryl-2-monoalkyl hydrazine (additional),[a!r0][NX3H1]-[NX3H1][CX4],"Genotoxic carcinogenicity, mutagenicity","Kazius, J",15634026
Aromatic methylamine (additional),[a!r0][NX3;H1][CH3],"Genotoxic carcinogenicity, mutagenicity","Kazius, J",15634026
Aromatic hydroxylamine ester (additional),[a!r0][NH][OX2][CX3](=[OX1]),"Genotoxic carcinogenicity, mutagenicity","Kazius, J",15634026
Polycyclic planar system (additional),[*R1]1[*R2]2=[*R1][*R1]=[*R1][*R1]=[*R2]2[*R1][*R2]3=[*R1][*R1]=[*R1][*R1]=[*R2]13,"Genotoxic carcinogenicity, mutagenicity","Kazius, J",15634026
Primary and secondary aromatic amines,"[$([a!r0][NX3;H2]),$([a!r0][NX3;H1][CH3]),$([a!r0][NX3;H1][CH2][CH3])]","Genotoxic carcinogenicity, mutagenicity","Bailey, AB",15935536
Tertiary aromatic amines,"a[NX3]([$([CH3]),$([CH2][CH3])])[$([CH3]),$([CH2][CH3])]","Genotoxic carcinogenicity, mutagenicity","Bailey, AB",15935536
Secondary aromatic acetamides and formamides,"[$([a!r0][NX3;H1][CX3;H1](=[OX1])),$([a!r0][NX3;H1][CX3](=[OX1])[CH3])]","Genotoxic carcinogenicity, mutagenicity","Bailey, AB",15935536
Nitroarenes,"[a!r0][$([NX3+](=[OX1])[O-]),$([NX3](=O)(=O))]","Genotoxic carcinogenicity, mutagenicity","Bailey, AB",15935536
Nitrosoarenes,[a!r0][NX2]=[OX1],"Genotoxic carcinogenicity, mutagenicity","Bailey, AB",15935536
Arylhydroxylamines,"[a!r0][NX3;H1][OX2][#1,#6]","Genotoxic carcinogenicity, mutagenicity","Bailey, AB",15935536
N-Nitroso-N-dialkylamines,[NX3]([CX4])([CX4])[NX2]=[OX1],"Genotoxic carcinogenicity, mutagenicity","Bailey, AB",15935536
N-Nitroso-N-alkylamides,"[CX4,a!r0][CX3](=[OX1])[NX3]([CX4])[NX2]=[OX1]","Genotoxic carcinogenicity, mutagenicity","Bailey, AB",15935536
N-Nitroso-N-alkylureas,"[OX1]=[NX2][NX3]([CX4])[CX3](=[OX1])[NX3H1][CX4,a!r0]","Genotoxic carcinogenicity, mutagenicity","Bailey, AB",15935536
N-Nitroso-N-alkylcarbamates (aka urethanes),"[OX1]=[NX2][NX3]([CX4])[CX3](=[OX1])[OX2][CX4,a!r0]","Genotoxic carcinogenicity, mutagenicity","Bailey, AB",15935536
N-Nitroso-N-alkylnitriles,[OX1]=[NX2][NX3]([CX4])[CX2]#[NX1],"Genotoxic carcinogenicity, mutagenicity","Bailey, AB",15935536
N-Nitroso-N-hydroxylamines,[OX1]=[NX2][NX3]([OH1])[#6],"Genotoxic carcinogenicity, mutagenicity","Bailey, AB",15935536
Hydrazines,"[NX3]([$([#1]),$([CX4]),$([a!r0])])([$([CX4!H0]),$([CX4][OH]),$([CX3]=[OX1])])[NX3]([$([#1]),$([CX4]),$([a!r0])])[$([#1]),$([CX4]),$([a!r0])]","Genotoxic carcinogenicity, mutagenicity","Bailey, AB",15935536
Benzylic halides,"[a!r0][CH2][Cl,Br,I]","Genotoxic carcinogenicity, mutagenicity","Bailey, AB",15935536
Oxiranes and aziridines,"[CX4]1[OX2,NX3][CX4]1","Genotoxic carcinogenicity, mutagenicity","Bailey, AB",15935536
Propiolactones,[OX2]1[CX4][CX4][CX3]1(=[OX1]),"Genotoxic carcinogenicity, mutagenicity","Bailey, AB",15935536
Alkyl esters of sulfonic and sulphuric acids,"[$([CX4,a!r0][Sv6X4](=[OX1])(=[OX1])[OX2][$([CH3]),$([CH2][CH3])]),$([CX4,a!r0][OX2][Sv6X4](=[OX1])(=[OX1])[OX2][$([CH3]),$([CH2][CH3])])]","Genotoxic carcinogenicity, mutagenicity","Bailey, AB",15935536
Alkyl esters of phosphonic and phosphoric acids,"[$([CX4,a!r0][Pv5X4](=[OX1])([OX2][$([CH3]),$([CH2][CH3])])[OX2][$([CH3]),$([CH2][CH3])]),$([CX4,#1][OX2][Pv5X4](=[OX1])([OX2][CX4,#1])[OX2][$([CH3]),$([CH2][CH3])])]","Genotoxic carcinogenicity, mutagenicity","Bailey, AB",15935536
Mixed alkyl esters of thiophosphoric acid,"[CX4][OX2][Pv5X4](=[SX1])([OX2][CX4,#1])[OX2][$([CH3]),$([CH2][CH3])]","Genotoxic carcinogenicity, mutagenicity","Bailey, AB",15935536
Haloethylamines,"[NX3]([#1,#6])([#1,#6])[CH2][CH2][Cl,Br,I,F]","Genotoxic carcinogenicity, mutagenicity","Bailey, AB",15935536
Haloalkylethers,"[$([#6][OX2][CH2][CH2][Cl,Br,I]),$([#6][OX2][CH2][Cl,Br,I])]","Genotoxic carcinogenicity, mutagenicity","Bailey, AB",15935536
α-Halocarbonyl or a-halohydroxy,"[$([CX3](=[OX1])[CH2][Cl,Br,I]),$([CX4!H0]([OH1])[CH2][Cl,Br,I])]","Genotoxic carcinogenicity, mutagenicity","Bailey, AB",15935536
Haloamines,"[#6][NX3]([#6])[Cl,Br,I,F]","Genotoxic carcinogenicity, mutagenicity","Bailey, AB",15935536
"α, β-Unsaturated carbonyls","[CX3]=[CX3][CX3](=[OX1])[$([#1][CX3]=[OX1]),$([#6]([CX3]=[OX1])),$([OX2]([CX3]=[OX1])[#6]),$([NX3]([CX3]=[OX1])([#1,#6])[#1,#6])]","Genotoxic carcinogenicity, mutagenicity","Bailey, AB",15935536
Allylic halides and alkoxides,"[CX3]=[CX3][CH2][$([Cl,Br,I]),$([OX2])]","Genotoxic carcinogenicity, mutagenicity","Bailey, AB",15935536
Halogenated methanes,"[CX4]([H,F,Cl,Br,I])([H,F,Cl,Br,I])([H,F,Cl,Br,I])[F,Cl,Br,I]","Genotoxic carcinogenicity, mutagenicity","Bailey, AB",15935536
Vinyl halides,"[CX3]=[CX3H1][Cl,Br,I]","Genotoxic carcinogenicity, mutagenicity","Bailey, AB",15935536
Polycyclic aromatic hydrocarbons,"[c;R1,R2,R3]1[c;R1,R2,R3][c;R1,R2,R3][c;R2,R3]2[c;R2,R3]([c;R1,R2,R3]1)[c;R1,R2,R3][c;R1,R2,R3][c;R1,R2,R3][c;R1,R2,R3]2","Genotoxic carcinogenicity, mutagenicity","Bailey, AB",15935536
Isocyanate,[NX2]=[CX2]=[OX1],"Genotoxic carcinogenicity, mutagenicity","Bailey, AB",15935536
Isothiocyanate,[NX2]=[CX2]=[SX1],"Genotoxic carcinogenicity, mutagenicity","Bailey, AB",15935536
Acyl halides,"[Br,Cl,F,I][CX3](=[OX1])[#1,*&!$([OH1])&!$([SH1])]","Genotoxic carcinogenicity, mutagenicity","Benigni, R",18621573
N-Methylol derivatives,[OX2;H1][CH2][NX3],"Genotoxic carcinogenicity, mutagenicity","Benigni, R",18621573
Monohaloalkene,"[CX3]([CX4,#1])([F,Cl,Br,I])=[CX3]([CX4,#1])[!F!Cl!Br!I]","Genotoxic carcinogenicity, mutagenicity","Benigni, R",18621573
S or N mustard,"[F,Cl,Br,I][CH2][CH2][NX3,SX2][CH2][CH2][F,Cl,Br,I]","Genotoxic carcinogenicity, mutagenicity","Benigni, R",18621573
Propiolactones or propiosultones,"[$([OX2]1[CX4][CX4][CX3]1(=[OX1])),$([CX4]1[CX4][CX4][Sv6;X4](=[OX1])(=[OX1])[OX2]1)]","Genotoxic carcinogenicity, mutagenicity","Benigni, R",18621573
Epoxides and aziridines,"[CX4]1[OX2,NX3][CX4]1","Genotoxic carcinogenicity, mutagenicity","Benigni, R",18621573
Aliphatic halogens,"[CX4;!H0][Br,Cl,I]","Genotoxic carcinogenicity, mutagenicity","Benigni, R",18621573
Alkyl nitrite,[OX1]=[NX2][OX2][CX4],"Genotoxic carcinogenicity, mutagenicity","Benigni, R",18621573
Simple aldehyde,"[CX3]([H])(=[OX1])[#1,#6&!$([CX3]=[CX3])]","Genotoxic carcinogenicity, mutagenicity","Benigni, R",18621573
Quinones,"[$([#6X3]1=,:[#6X3]-,:[#6X3](=[OX1])-,:[#6X3]=,:[#6X3]-,:[#6X3]1(=[OX1])),$([#6X3]1(=[OX1])-,:[#6X3](=[OX1])-,:[#6X3]=,:[#6X3]-,:[#6X3]=,:[#6X3]1)]","Genotoxic carcinogenicity, mutagenicity","Benigni, R",18621573
Hydrazine,[NX3;!$([NX3](=[OX1])=[OX1]);!$([NX3+](=[OX1])[O-])][NX3;!$([NX3](=[OX1])=[OX1]);!$([NX3+](=[OX1])[O-])],"Genotoxic carcinogenicity, mutagenicity","Benigni, R",18621573
Aliphatic azo and azoxy,"[$([C,#1][NX2]=[NX2][C,#1]),$([CX3]=[NX2+]=N),$([CX3]=[NX2+]=[NX1-]),$([CX3-][NX2+]#[NX1]),$([CX3][NX2]#[NX1]),$(C[NX2]=N(=O)[*]),$(C[NX2]=[N+]([O-])[*])]","Genotoxic carcinogenicity, mutagenicity","Benigni, R",18621573
Isocyanate and isothiocyanate groups,"[NX2]=[CX2]=[OX1,Sv2X1]","Genotoxic carcinogenicity, mutagenicity","Benigni, R",18621573
Alkyl carbamate and thiocarbamate,"[NX3]([C,#1])([C,#1])[CX3](=[OX1,Sv2X1])[OX2,Sv2X2]C","Genotoxic carcinogenicity, mutagenicity","Benigni, R",18621573
Heterocyclic polycyclic aromatic hydrocarbons,"[$([aR3].[n,o,s]),$([$([aR2]([aR])([aR])([aR]))].[$([aR2]([aR])([aR])([aR]))].[$([aR2]([aR])([aR])([aR]))].[$([aR2]([aR])([aR])([aR]))].[n,o,s])]","Genotoxic carcinogenicity, mutagenicity","Benigni, R",18621573
Alkyl and aryl N-nitroso groups,[#6][NX3][NX2]=[OX1],"Genotoxic carcinogenicity, mutagenicity","Benigni, R",18621573
Azide and triazene groups,"[$([NX2!R]=[NX2!R][NX3!R]),$([NX2]=[NX2+]=[NX1-]),$([NX2]=[NX2+]=N)]","Genotoxic carcinogenicity, mutagenicity","Benigni, R",18621573
Aliphatic N-nitro group,"[NX3]([#1,C])([#1,C])[$([NX3+](=[OX1])[O-]),$([NX3](=O)=O)]","Genotoxic carcinogenicity, mutagenicity","Benigni, R",18621573
"α, β-Unsaturated aliphatic alkoxy group",C[CX3;H1]=[CX3;H1][OX2][#6],"Genotoxic carcinogenicity, mutagenicity","Benigni, R",18621573
Aromatic nitroso group,[a!r0][NX2]=[OX1],"Genotoxic carcinogenicity, mutagenicity","Benigni, R",18621573
Aromatic ring N-oxide,[O-][N+]1=CC=CC=C1,"Genotoxic carcinogenicity, mutagenicity","Benigni, R",18621573
Coumarins and furocoumarins,"[$(c1cccc2c1oc(=O)cc2),$(C1=CC(=O)OC2=CC=CC=C12),$(C1=CC(=O)Oc2ccccc12)]","Genotoxic carcinogenicity, mutagenicity","Benigni, R",18621573
Thiocarbonyl,"[$([NX3][CX3](=[Sv2X1])[NX3]),$([CX3;!$(C[OH]);!$(C[SH]);!$(C[O-]);!$(C[S-]);!$(CO[#6])](=[Sv2X1])[NX3])]",Non-genotoxic carcinogenicity,"Benigni, R",18621573
(Poly) Halogenated cycloalkanes,"NOT [!CX4!#1!F!Cl!Br!I] AND [CX4!R0][F,Cl,Br,I]",Non-genotoxic carcinogenicity,"Benigni, R",18621573
Halogenated benzene,"c1ccccc1[$([Br,Cl,F,I]);!$([Br,Cl,F,I]aa[Br,Cl,F,I]);!$([Br,Cl,F,I]aaa[Br,Cl,F,I]);!$([Br,Cl,F,I]aa([OH])a([OH])a[OH]);!$([Br,Cl,F,I]aaa([OH])a([OH])a[OH]);!$([Br,Cl,F,I]aa([OH])a([OH])aa[OH])]",Non-genotoxic carcinogenicity,"Benigni, R",18621573
Halogenated PAH,"[Br,Cl,F,I][$([cR1]1[cR1][cR1][cR1][cR1][cR1]1-[cR1]2[cR1][cR1][cR1][cR1][cR1]2),$([cR1]1[cR1][cR1][cR1][cR2]2[cR2]1[cR1][cR1][cR1][cR1]2)]",Non-genotoxic carcinogenicity,"Benigni, R",18621573
Halogenated dibenzodioxins,"[OR1]1[CR2]2=[CR1][CR1]=[CR1][CR1]=[CR2]2[OR1][CR2]3=[CR1][CR1]([F,Cl,Br,I])=[CR1][CR1]=[CR2]13",Non-genotoxic carcinogenicity,"Benigni, R",18621573
Acyl halides,"[Br,Cl,F,I][CX3](=[OX1])[#1,*&!$([OH1])&!$([SH1])]",Non-genotoxic carcinogenicity,"Benigni, R",23469814
N-methylol derivatives,[OX2;H1][CH2][NX3],Non-genotoxic carcinogenicity,"Benigni, R",23469814
Monohaloalkene,"[CX3]([CX4,#1])([F,Cl,Br,I])=[CX3]([CX4,#1])[!F!Cl!Br!I]",Non-genotoxic carcinogenicity,"Benigni, R",23469814
S or N mustard,"[F,Cl,Br,I][CH2][CH2][NX3,SX2][CH2][CH2][F,Cl,Br,I]",Non-genotoxic carcinogenicity,"Benigni, R",23469814
β-lactones and γ- sultones,"[$([OX2]1[CX4][CX4][CX3]1(=[OX1])),$([CX4]1[CX4][CX4][Sv6;X4](=[OX1])(=[OX1])[OX2]1)]",Non-genotoxic carcinogenicity,"Benigni, R",23469814
Epoxides and aziridines,"[CX4]1[OX2,NX3][CX4]1",Non-genotoxic carcinogenicity,"Benigni, R",23469814
Aliphatic halogens,"[CX4;!H0][Br,Cl,I]",Non-genotoxic carcinogenicity,"Benigni, R",23469814
Alkyl nitrite,[OX1]=[NX2][OX2][CX4],Non-genotoxic carcinogenicity,"Benigni, R",23469814
"α,β unsaturated carbonyls",[CX3](=[OX1])[CX3H1]=[CX3],Non-genotoxic carcinogenicity,"Benigni, R",23469814
Simple aldehyde,"[CX3]([H])(=[OX1])[#1,#6&!$([CX3]=[CX3])]",Non-genotoxic carcinogenicity,"Benigni, R",23469814
Quinones,"[$([#6X3]1=,:[#6X3]-,:[#6X3](=[OX1])-,:[#6X3]=,:[#6X3]-,:[#6X3]1(=[OX1])),$([#6X3]1(=[OX1])-,:[#6X3](=[OX1])-,:[#6X3]=,:[#6X3]-,:[#6X3]=,:[#6X3]1)]",Non-genotoxic carcinogenicity,"Benigni, R",23469814
Hydrazine,[NX3;!$([NX3](=[OX1])=[OX1]);!$([NX3+](=[OX1])[O-])][NX3;!$([NX3](=[OX1])=[OX1]);!$([NX3+](=[OX1])[O-])],Non-genotoxic carcinogenicity,"Benigni, R",23469814
Aliphatic azo and azoxy,"[$([C,#1][NX2]=[NX2][C,#1]),$([CX3]=[NX2+]=N),$([CX3]=[NX2+]=[NX1-]),$([CX3-][NX2+]#[NX1]),$([CX3][NX2]#[NX1]),$(C[NX2]=N(=O)[*]),$(C[NX2]=[N+]([O-])[*])]",Non-genotoxic carcinogenicity,"Benigni, R",23469814
Isocyanate and isothiocyanate groups,"[NX2]=[CX2]=[OX1,Sv2X1]",Non-genotoxic carcinogenicity,"Benigni, R",23469814
Alkyl carbamate and thiocarbamate,"[NX3]([C,#1])([C,#1])[CX3](=[OX1,Sv2X1])[OX2,Sv2X2]C",Non-genotoxic carcinogenicity,"Benigni, R",23469814
Heterocyclic Polycyclic Aromatic Hydrocarbons,"[$([aR3].[n,o,s]),$([$([aR2]([aR])([aR])([aR]))].[$([aR2]([aR])([aR])([aR]))].[$([aR2]([aR])([aR])([aR]))].[$([aR2]([aR])([aR])([aR]))].[n,o,s])]",Non-genotoxic carcinogenicity,"Benigni, R",23469814
